{"xmean": [8.49834407734023, 9.345000004016647, 14.973495452819668, 11.557391681527259, 46.797087060705145, 28.791828762270583, 17.296179236253234], "xstd": [9.710734826991505, 9.99920210603191, 10.193942648205404, 11.534569810185001, 13.834757716744209, 10.879674578577486, 10.411061891113976], "normalized": true, "ibands": ["1", "2", "3", "4", "5", "6", "7"], "classes": ["manmade", "soil", "vegetation", "water"], "hidden_layers": [64, 64, 64, 64]}