{"xmean": [8.49834407734023, 9.34342561668449, 14.971464998355573, 11.557391681527259, 46.79767103434815, 28.78363372708378, 17.27593932032536], "xstd": [9.710734826991505, 9.998558641058079, 10.194196579757483, 11.534569810185001, 13.834264593375964, 10.87945984989541, 10.40861092030734], "normalized": true, "ibands": ["1", "2", "3", "4", "5", "6", "7"], "classes": ["manmade", "soil", "vegetation", "water"], "hidden_layers": [64, 64, 64, 64]}