{"xmean": [12.123560045342721, 16.463313037952588, 15.741893616992884, 41.53678982363329, 29.580049355211855, 20.10689905833764], "xstd": [13.190283303303922, 14.127604196811374, 15.646062346587618, 18.672188202345065, 17.124052685256007, 16.98437774724554], "normalized": true, "ibands": ["1", "2", "3", "4", "5", "7"], "classes": ["manmade", "rock", "soil", "vegetation", "water"], "hidden_layers": [64, 64, 64, 64]}