{"xmean": [11.796816477680304, 16.574142418889448, 15.377489621730227, 41.53632230464942, 29.490028627168115, 20.02055885622425], "xstd": [12.975126124481534, 13.982674908653339, 15.685139938351988, 18.676987214724658, 17.098349516305678, 17.05104414190024], "normalized": true, "ibands": ["1", "2", "3", "4", "5", "7"], "classes": ["manmade", "rock", "soil", "vegetation", "water"], "hidden_layers": [64, 64, 64, 64]}