{"xmean": [9.203930988935275, 13.84060630330058, 12.25943057691133, 46.646776412994555, 28.30935001795722, 16.766707263224475], "xstd": [9.935519406893837, 10.47895021839435, 11.492664892271105, 13.896886787803409, 10.673785994117113, 10.349191063119838], "normalized": true, "ibands": ["1", "2", "3", "4", "5", "7"], "classes": ["manmade", "soil", "vegetation", "water"], "hidden_layers": [64, 64, 64, 64]}