{"xmean": [8.930096196272077, 14.060714198334907, 11.796247492229076, 46.64602354874086, 28.22338914886311, 16.609369595993392], "xstd": [9.848102239086648, 10.392974209250273, 11.500383861893596, 13.908246290667341, 10.706270806814635, 10.370336341880655], "normalized": true, "ibands": ["1", "2", "3", "4", "5", "7"], "classes": ["manmade", "soil", "vegetation", "water"], "hidden_layers": [64, 64, 64, 64]}