{"xmean": [11.198208122428403, 12.235413414090804, 16.986570659803508, 15.121907511546878, 41.5925022888303, 29.83312481611307, 20.46802866055518], "xstd": [12.487950879162673, 13.197942008304732, 13.383546969252315, 15.567554657662392, 18.61252694668264, 17.006702089515933, 16.903723584642506], "normalized": true, "ibands": ["1", "2", "3", "4", "5", "6", "7"], "classes": ["manmade", "rock", "soil", "vegetation", "water"], "hidden_layers": [64, 64, 64, 64]}