{"xmean": [11.198208122428403, 12.237345728069984, 16.987606944509263, 15.121907511546878, 41.592004445733636, 29.839535103600273, 20.4840663250891], "xstd": [12.487950879162673, 13.199364994681027, 13.382680106338464, 15.567554657662392, 18.612627028175073, 17.00701592292011, 16.904445798401454], "normalized": true, "ibands": ["1", "2", "3", "4", "5", "6", "7"], "classes": ["manmade", "rock", "soil", "vegetation", "water"], "hidden_layers": [64, 64, 64, 64]}